{
    "num_ratings_used": 800000,
    "rmse": 0.8801190708362102,
    "mae": 0.6737862355835726,
    "training_time_seconds": 21.473976135253906
}